exp,age,calper,y,n
0,1,1,2,3075.27
1,1,1,0,337.29001
0,2,1,2,2849.76
1,2,1,4,626.71997
0,3,1,2,2085.4299
1,3,1,9,672.09003
0,4,1,3,833.60999
1,4,1,1,277.25
0,1,2,0,936.75
1,1,2,0,121
0,2,2,3,2195.5901
1,2,2,3,349.53
0,3,2,7,1675.91
1,3,2,7,441.10001
0,4,2,6,973.32001
1,4,2,2,268.26999
0,2,3,3,747.77002
1,2,3,1,142.33
0,3,3,10,1501.73
1,3,3,3,244.82001
0,4,3,6,1027.12
1,4,3,1,197.2
0,3,4,1,440.20999
1,3,4,1,100.64
0,4,4,6,674.44
1,4,4,2,92.75
